wordle_id,year,month,date,n_players,n_hard_mode,percent_1,percent_2,percent_3,percent_4,percent_5,percent_6,percent_fail,answer
202,2022,1,7,80630,1362,1,2,23,39,24,9,1,slump
203,2022,1,8,101503,1763,1,5,23,31,24,14,2,crank
204,2022,1,9,91477,1913,1,3,13,27,30,22,4,gorge
205,2022,1,10,107134,2242,1,4,16,30,30,17,2,query
206,2022,1,11,153880,3017,1,9,35,34,16,5,1,drink
207,2022,1,12,137586,3073,1,4,15,26,29,21,4,favor
208,2022,1,13,132726,3345,1,2,13,29,31,20,3,abbey
209,2022,1,14,169484,3985,1,4,21,30,24,15,5,tangy
210,2022,1,15,205880,4655,1,9,35,34,16,5,1,panic
211,2022,1,16,209609,4955,1,9,32,32,18,7,1,solar
212,2022,1,17,222197,5640,1,8,32,32,18,8,2,shire
213,2022,1,18,220950,6206,1,2,11,24,31,26,6,proxy
214,2022,1,19,280622,7094,1,16,37,28,12,4,1,point
215,2022,1,20,243964,6589,1,8,29,34,20,8,1,robot
216,2022,1,21,273727,7409,1,8,30,33,19,7,1,prick
217,2022,1,22,241489,6850,1,3,17,33,29,15,3,wince
218,2022,1,23,269929,7630,1,5,28,38,20,7,1,crimp
219,2022,1,24,258038,8317,1,1,11,29,33,21,4,knoll
220,2022,1,25,276404,8708,1,6,25,34,23,9,1,sugar
221,2022,1,26,302348,10163,1,4,22,37,24,10,2,whack
222,2022,1,27,331844,11451,1,9,29,33,19,7,1,mount
223,2022,1,28,296968,11148,1,4,17,30,27,17,4,perky
224,2022,1,29,313220,11592,1,7,29,35,20,8,1,could
225,2022,1,30,294687,11524,0,2,18,39,27,12,2,wrung
226,2022,1,31,341314,13347,1,10,25,27,19,12,5,light
227,2022,2,1,351663,13606,1,13,34,30,15,6,1,those
228,2022,2,2,361908,14205,3,13,32,29,16,7,1,moist
229,2022,2,3,358176,14609,1,7,22,28,25,14,4,shard
230,2022,2,4,359679,14813,1,10,28,31,19,9,2,pleat
231,2022,2,5,319698,13708,1,4,22,36,25,11,2,aloft
232,2022,2,6,311018,13716,1,3,17,33,27,16,3,skill
233,2022,2,7,288228,13340,1,3,13,24,30,24,5,elder
234,2022,2,8,336236,15369,1,10,20,24,24,17,3,frame
235,2022,2,9,305372,13846,1,5,22,34,25,11,2,humor
236,2022,2,10,304830,13480,1,8,26,32,21,10,2,pause
237,2022,2,11,278826,10631,1,4,18,30,28,16,3,ulcer
238,2022,2,12,269885,9310,1,7,23,34,24,10,1,ultra
239,2022,2,13,277471,9249,1,6,29,34,21,8,1,robin
240,2022,2,14,261521,10030,1,2,11,33,34,17,3,cynic
241,2022,2,15,287836,10343,1,6,25,33,22,11,2,aroma
242,2022,2,16,289721,10740,1,4,20,31,26,15,3,caulk
243,2022,2,17,342003,12767,1,6,16,23,24,21,9,shake
244,2022,2,18,265238,10220,1,3,15,29,27,19,7,dodge
245,2022,2,19,282327,11241,1,1,8,19,31,30,10,swill
246,2022,2,20,273306,11094,1,4,21,32,26,14,3,tacit
247,2022,2,21,278731,10887,1,9,26,30,21,10,2,other
248,2022,2,22,309356,11814,1,14,38,30,12,4,0,thorn
249,2022,2,23,277576,11411,1,5,16,24,25,22,8,trove
250,2022,2,24,250674,10405,1,6,21,32,25,12,2,bloke
251,2022,2,25,255907,11687,1,2,10,29,33,21,4,vivid
252,2022,2,26,248363,10087,1,5,26,34,22,10,2,spill
253,2022,2,27,250413,10438,1,9,33,33,16,7,1,chant
254,2022,2,28,251094,10521,1,8,30,36,18,6,1,choke
255,2022,3,1,240137,10577,1,2,17,35,30,13,2,rupee
256,2022,3,2,257304,10813,1,7,26,31,21,11,2,nasty
257,2022,3,3,240018,10465,1,8,29,34,19,8,1,mourn
258,2022,3,4,203730,9396,1,5,20,35,26,12,2,ahead
259,2022,3,5,229895,10405,1,9,25,29,22,12,3,brine
260,2022,3,6,218595,9911,1,8,33,34,17,7,1,cloth
261,2022,3,7,218595,9823,1,9,30,34,19,7,1,hoard
262,2022,3,8,207473,9767,1,5,18,31,28,15,2,sweet
263,2022,3,9,201799,9435,1,5,26,37,22,8,1,month
264,2022,3,10,208884,9960,0,8,31,34,19,7,1,lapse
265,2022,3,11,226349,12400,1,6,14,18,17,24,20,watch
266,2022,3,12,192049,9353,1,7,29,35,20,7,1,today
267,2022,3,13,179436,8937,1,4,23,36,24,10,1,focus
268,2022,3,14,185406,9373,0,5,19,33,28,13,2,smelt
269,2022,3,15,202855,10024,1,16,32,30,16,6,1,tease
270,2022,3,16,217856,11234,1,7,19,22,19,18,15,cater
271,2022,3,17,169071,8847,1,5,18,30,26,16,3,movie
272,2022,3,18,179830,9304,1,8,31,34,19,6,1,saute
273,2022,3,19,156311,8515,0,5,21,32,26,14,3,allow
274,2022,3,20,154987,8417,0,4,20,33,27,13,2,renew
275,2022,3,21,173636,9200,2,14,36,30,13,4,0,their
276,2022,3,22,160161,8807,0,2,19,36,27,13,2,slosh
277,2022,3,23,156785,8555,1,4,22,35,26,11,2,purge
278,2022,3,24,169066,9318,1,14,35,31,14,5,1,chest
279,2022,3,25,150197,8562,0,5,29,36,20,7,1,depot
280,2022,3,26,149507,9376,0,2,13,31,33,18,3,epoxy
281,2022,3,27,165468,9935,1,2,18,44,26,9,1,nymph
282,2022,3,28,173696,10613,1,6,17,22,20,21,14,found
283,2022,3,29,149070,8494,0,3,17,30,28,17,4,shall
284,2022,3,30,158139,9318,0,5,16,24,27,21,6,stove
285,2022,3,31,135219,8469,0,2,9,26,32,24,8,lowly
286,2022,4,1,144648,8913,1,4,19,27,26,18,5,snout
287,2022,4,2,155079,9315,1,16,33,28,15,6,1,trope
288,2022,4,3,124532,7931,0,2,10,24,32,26,6,fewer
289,2022,4,4,129651,7943,0,3,16,31,30,16,3,shawl
290,2022,4,5,121356,7702,0,2,14,32,32,17,3,natal
291,2022,4,6,117856,7560,0,2,13,33,33,17,3,comma
292,2022,4,7,117761,7574,0,2,14,31,31,19,4,foray
293,2022,4,8,141158,9010,1,12,23,26,21,13,4,scare
294,2022,4,9,134210,8537,2,21,36,26,11,4,1,stair
295,2022,4,10,126241,7894,1,10,31,34,18,6,1,black
296,2022,4,11,109828,7236,0,3,20,33,27,14,2,squad
297,2022,4,12,114907,7275,1,5,24,36,23,9,1,royal
298,2022,4,13,123255,7835,1,4,29,42,18,5,1,chunk
299,2022,4,14,113448,7356,0,6,24,35,24,10,1,mince
300,2022,4,15,129991,8522,1,11,22,25,21,15,5,shame
301,2022,4,16,107987,7035,0,3,19,40,28,9,1,cheek
302,2022,4,17,106081,7008,0,4,20,35,27,11,2,ample
303,2022,4,18,112383,7341,1,8,30,36,18,6,1,flair
304,2022,4,19,108899,8198,0,2,10,19,19,23,26,foyer
305,2022,4,20,102007,6796,0,5,20,34,27,12,2,cargo
306,2022,4,21,97955,6960,0,2,11,30,33,21,4,oxide
307,2022,4,22,119232,7731,2,19,39,28,10,3,0,plant
308,2022,4,23,95562,6482,1,6,25,34,23,10,1,olive
309,2022,4,24,97452,6743,0,7,27,34,22,9,1,inert
310,2022,4,25,91548,6549,0,3,13,29,32,19,4,askew
311,2022,4,26,103153,6830,1,13,32,31,16,6,1,heist
312,2022,4,27,98967,6564,0,6,26,36,22,8,1,shown
313,2022,4,28,88974,6315,0,2,12,27,30,22,7,zesty
314,2022,4,29,106652,7001,2,19,34,27,13,4,1,trash
315,2022,4,30,77991,5749,0,2,10,25,35,23,4,larva
316,2022,5,1,77658,5699,0,1,9,26,37,23,3,forgo
317,2022,5,2,95643,6530,1,10,23,29,24,11,2,story
318,2022,5,3,85817,5941,1,8,24,33,23,10,1,hairy
319,2022,5,4,107750,7243,6,26,32,22,10,3,0,train
320,2022,5,5,85979,6313,0,3,16,26,24,19,12,homer
321,2022,5,6,76292,5482,0,4,20,35,26,12,2,badge
322,2022,5,7,74458,5233,0,3,25,39,24,9,1,midst
323,2022,5,8,72518,5256,0,2,10,30,34,20,4,canny
324,2022,5,9,88932,6146,1,14,32,30,17,6,1,shine
325,2022,5,10,74412,5489,0,2,16,38,29,12,2,gecko
326,2022,5,11,79446,5688,0,9,26,32,21,9,1,farce
327,2022,5,12,75673,5419,0,2,16,37,31,13,2,slung
328,2022,5,13,77585,5522,0,6,33,38,17,5,1,tipsy
329,2022,5,14,73225,5290,1,10,31,34,18,7,1,metal
330,2022,5,15,67115,4963,0,4,16,29,29,18,4,yield
331,2022,5,16,68349,5179,0,2,14,32,33,16,2,delve
332,2022,5,17,70722,5142,0,4,22,37,26,10,1,being
333,2022,5,18,73933,5544,0,8,34,35,17,5,1,scour
334,2022,5,19,70920,5162,0,4,19,33,27,14,3,glass
335,2022,5,20,69884,5238,1,4,17,28,26,18,6,gamer
336,2022,5,21,66814,4973,1,9,28,34,20,8,1,scrap
337,2022,5,22,67909,4928,1,7,26,36,21,8,1,money
338,2022,5,23,66431,4906,0,5,25,37,22,9,2,hinge
339,2022,5,24,63380,4809,0,5,26,35,24,9,1,album
340,2022,5,25,62723,4835,0,2,9,25,33,24,6,vouch
341,2022,5,26,63188,4733,0,7,28,34,21,8,1,asset
342,2022,5,27,63846,4842,0,8,36,33,17,6,1,tiara
343,2022,5,28,60069,4562,0,4,27,38,22,7,1,crept
344,2022,5,29,56839,4435,0,6,17,33,29,13,2,bayou
345,2022,5,30,60969,4741,0,6,28,36,21,8,1,atoll
346,2022,5,31,62768,4802,0,6,27,34,21,10,2,manor
347,2022,6,1,63241,4797,0,5,21,32,25,14,3,creak
348,2022,6,2,61278,4770,0,2,16,37,30,13,2,showy
349,2022,6,3,65431,4957,1,13,38,32,13,3,0,phase
350,2022,6,4,58263,4432,0,5,22,35,25,11,1,froth
351,2022,6,5,56738,4329,0,6,28,39,20,6,1,depth
352,2022,6,6,58478,4548,0,2,14,35,35,13,1,gloom
353,2022,6,7,58991,4440,0,3,20,40,28,8,1,flood
354,2022,6,8,61026,4607,0,6,22,35,24,11,2,trait
355,2022,6,9,60020,4665,0,6,23,33,23,12,3,girth
356,2022,6,10,55376,4324,0,4,25,41,22,7,1,piety
357,2022,6,11,51958,4087,0,2,12,28,32,21,5,goose
358,2022,6,12,56684,4323,1,12,30,32,18,6,1,float
359,2022,6,13,53802,4142,0,3,27,38,23,7,1,donor
360,2022,6,14,59968,4762,2,16,34,29,14,4,1,atone
361,2022,6,15,55989,4391,0,3,22,38,25,10,2,primo
362,2022,6,16,53430,4112,0,7,30,38,19,5,1,apron
363,2022,6,17,54665,4251,0,6,23,35,26,10,1,blown
364,2022,6,18,47205,4101,0,1,9,27,36,23,4,cacao
365,2022,6,19,55359,4399,1,10,28,32,19,8,2,loser
366,2022,6,20,50484,3950,0,5,30,38,21,6,1,input
367,2022,6,21,53342,4194,0,8,21,31,26,12,2,gloat
368,2022,6,22,47645,3861,0,5,21,33,27,12,2,awful
369,2022,6,23,53111,4118,0,4,22,41,24,7,1,brink
370,2022,6,24,50617,3991,0,6,23,35,24,11,2,smite
371,2022,6,25,46089,3670,0,3,19,39,29,10,1,beady
372,2022,6,26,50540,3954,0,9,37,34,13,5,1,rusty
373,2022,6,27,47986,3848,0,6,24,35,24,9,1,retro
374,2022,6,28,47312,3844,0,2,16,31,31,17,3,droll
375,2022,6,29,45645,3957,0,1,5,22,33,28,10,gawky
376,2022,6,30,44212,3758,0,1,12,28,28,21,9,hutch
377,2022,7,1,47248,3792,0,5,25,41,22,6,1,pinto
378,2022,7,2,41765,3515,0,3,14,33,33,15,2,egret
379,2022,7,3,40486,3461,0,2,17,38,29,12,1,lilac
380,2022,7,4,42645,3591,0,2,13,27,29,21,7,sever
381,2022,7,5,44578,3604,1,6,25,36,23,9,1,field
382,2022,7,6,47344,4049,0,0,4,25,44,23,4,fluff
383,2022,7,7,43407,3671,0,2,18,36,27,15,3,agape
384,2022,7,8,42806,3484,1,5,24,35,25,9,1,voice
385,2022,7,9,47094,3933,1,6,20,27,28,16,3,stead
386,2022,7,10,41785,3494,0,7,24,35,24,9,1,berth
387,2022,7,11,40545,3430,0,3,13,35,34,14,2,madam
388,2022,7,12,46910,3870,1,8,27,27,17,13,7,night
389,2022,7,13,46246,3727,0,7,31,38,18,4,0,bland
390,2022,7,14,40549,3388,0,4,16,26,25,20,8,liver
391,2022,7,15,39234,3353,0,2,11,32,37,17,2,wedge
392,2022,7,16,38769,3280,0,2,17,41,28,10,2,roomy
393,2022,7,17,39611,3345,0,3,18,39,27,10,2,wacky
394,2022,7,18,42574,3548,0,4,22,37,27,9,1,flock
395,2022,7,19,39667,3358,0,5,27,38,21,7,1,angry
396,2022,7,20,42237,3685,0,4,14,22,22,23,15,trite
397,2022,7,21,39086,3367,0,6,24,36,23,9,2,aphid
398,2022,7,22,43099,3665,0,3,26,41,23,6,1,tryst
399,2022,7,23,36769,3111,0,2,18,39,28,10,2,midge
400,2022,7,24,39813,3401,2,6,19,29,24,15,4,power
401,2022,7,25,39288,3339,0,4,22,32,26,13,2,elope
402,2022,7,26,39171,3507,0,2,15,24,22,25,13,cinch
403,2022,7,27,38284,3285,0,1,11,36,36,14,1,motto
404,2022,7,28,40650,3490,0,7,26,32,21,11,2,stomp
405,2022,7,29,37791,3213,0,5,30,38,20,6,1,upset
406,2022,7,30,37353,3171,0,2,14,42,31,10,1,bluff
407,2022,7,31,39250,3369,1,8,26,33,19,10,2,cramp
408,2022,8,1,36662,3303,0,5,20,33,27,13,2,quart
409,2022,8,2,34909,3380,0,0,4,17,28,35,15,coyly
410,2022,8,3,38381,3327,1,5,17,31,29,15,3,youth
411,2022,8,4,37229,3336,0,4,22,39,25,8,1,rhyme
412,2022,8,5,37350,3428,0,1,9,29,34,22,5,buggy
413,2022,8,6,38841,3395,3,17,31,29,15,4,0,alien
414,2022,8,7,37761,3411,1,9,20,26,24,16,4,smear
415,2022,8,8,35516,3187,0,3,24,38,25,9,1,unfit
416,2022,8,9,36223,3190,0,2,16,39,29,12,2,patty
417,2022,8,10,37654,3312,0,4,20,34,27,13,2,cling
418,2022,8,11,37301,3243,0,6,23,37,24,8,1,glean
419,2022,8,12,34198,3076,0,4,18,32,29,15,2,label
420,2022,8,13,35276,3185,0,1,11,33,25,22,7,hunky
421,2022,8,14,31652,2968,0,2,17,33,28,16,4,khaki
422,2022,8,15,35376,3180,0,4,17,30,27,17,5,poker
423,2022,8,16,35105,3087,0,3,19,39,29,9,1,gruel
424,2022,8,17,35815,3173,1,6,28,38,21,6,1,twice
425,2022,8,18,34938,3172,0,3,22,43,25,7,1,twang
426,2022,8,19,33965,2987,0,4,23,36,26,10,1,shrug
427,2022,8,20,38245,3249,1,22,32,26,14,5,1,treat
428,2022,8,21,35617,3186,1,7,19,27,24,17,5,waste
429,2022,8,22,35888,3123,0,7,33,37,17,5,0,merit
430,2022,8,23,33549,2933,0,2,13,32,32,17,3,woven
431,2022,8,24,33700,2927,0,2,21,41,26,9,1,needy
432,2022,8,25,36737,3175,1,8,29,36,20,6,1,clown
433,2022,8,26,34716,3046,0,6,29,34,21,8,1,irony
434,2022,8,27,31241,2784,0,2,16,33,29,16,4,ruder
435,2022,8,28,30214,2866,0,2,11,24,31,25,8,gauze
436,2022,8,29,34281,3072,1,6,32,38,18,5,0,chief
437,2022,8,30,33660,3009,0,4,29,40,21,6,1,onset
438,2022,8,31,35343,3166,0,5,12,20,32,26,5,prize
439,2022,9,1,31903,2928,0,2,18,41,28,9,1,fungi
440,2022,9,2,35724,3149,1,12,32,34,16,5,1,charm
441,2022,9,3,31191,2877,0,1,9,27,31,25,7,gully
442,2022,9,4,32018,2889,0,6,25,36,23,8,1,inter
443,2022,9,5,32733,2970,0,1,16,47,29,7,1,whoop
444,2022,9,6,32734,3022,0,4,19,27,21,16,13,taunt
445,2022,9,7,30992,2873,0,3,17,37,28,12,2,leery
446,2022,9,8,31962,3001,0,4,21,32,22,13,7,class
447,2022,9,9,32172,2909,0,8,29,40,18,4,0,theme
448,2022,9,10,29237,2777,0,4,19,34,27,13,3,lofty
449,2022,9,11,27887,2675,0,1,14,40,30,12,2,tibia
450,2022,9,12,29147,2883,0,1,7,27,38,23,4,booze
451,2022,9,13,29497,2706,0,3,19,40,28,9,1,alpha
452,2022,9,14,32142,2938,1,5,24,41,23,5,0,thyme
453,2022,9,15,33344,3011,1,12,32,34,16,4,0,doubt
454,2022,9,16,37309,4130,0,0,4,11,15,22,48,parer
455,2022,9,17,33418,3073,0,11,37,36,12,3,0,chute
456,2022,9,18,33102,3038,1,9,36,35,14,4,0,stick
457,2022,9,19,35050,3430,0,5,24,25,18,17,11,trice
458,2022,9,20,31277,2843,0,6,20,33,27,12,2,alike
459,2022,9,21,31976,2900,0,5,30,35,21,8,1,recap
460,2022,9,22,34455,3119,1,14,35,29,15,5,1,saint
461,2022,9,23,31509,2893,0,6,30,39,19,5,0,glory
462,2022,9,24,32777,3077,1,14,29,28,16,8,3,grate
463,2022,9,25,28994,2677,0,10,25,34,22,8,1,admit
464,2022,9,26,31716,2884,0,5,23,38,24,7,1,brisk
465,2022,9,27,30985,2888,0,2,18,38,28,11,2,soggy
466,2022,9,28,31335,3007,0,3,21,38,26,9,1,usurp
467,2022,9,29,30477,2829,0,4,23,36,24,11,2,scald
468,2022,9,30,31223,2859,0,8,31,35,20,6,1,scorn
469,2022,10,1,28202,2696,0,4,16,34,31,12,1,leave
470,2022,10,2,30088,2775,0,6,28,40,20,5,1,twine
471,2022,10,3,32288,2969,1,10,30,33,18,8,2,sting
472,2022,10,4,32014,3060,0,3,17,35,28,13,3,bough
473,2022,10,5,30935,2885,0,9,30,35,19,6,1,marsh
474,2022,10,6,32522,2987,1,10,38,34,13,3,0,sloth
475,2022,10,7,29026,2840,0,2,11,23,29,24,11,dandy
476,2022,10,8,26905,2642,0,2,15,35,31,14,2,vigor
477,2022,10,9,28408,2668,0,2,13,32,32,17,4,howdy
478,2022,10,10,26878,2654,0,3,12,29,33,20,3,enjoy
479,2022,10,11,28575,2752,0,4,28,38,21,8,1,valid
480,2022,10,12,29151,2947,0,2,13,25,28,21,11,ionic
481,2022,10,13,27197,2677,0,5,23,35,25,11,2,equal
482,2022,10,14,28906,2752,0,3,23,44,24,6,0,floor
483,2022,10,15,30403,3123,0,7,18,20,15,16,23,catch
484,2022,10,16,30459,2854,1,8,29,36,19,6,1,spade
485,2022,10,17,31269,2965,1,12,34,32,16,5,1,stein
486,2022,10,18,28612,2805,0,5,24,38,23,8,1,exist
487,2022,10,19,28322,2794,0,3,23,39,24,9,2,quirk
488,2022,10,20,28741,2769,0,5,29,40,20,5,0,denim
489,2022,10,21,28637,2794,0,4,18,30,28,17,3,grove
490,2022,10,22,29084,2810,0,7,32,36,19,6,1,spiel
491,2022,10,23,29279,3021,0,1,4,14,27,37,18,mummy
492,2022,10,24,28947,2768,0,7,27,35,22,8,1,fault
493,2022,10,25,28953,2817,0,2,13,35,32,15,3,foggy
494,2022,10,26,30063,2904,0,6,28,37,21,7,1,flout
495,2022,10,27,27609,2615,0,4,22,35,24,12,3,carry
496,2022,10,28,27905,2636,0,7,28,36,21,7,1,sneak
497,2022,10,29,25156,2536,0,3,15,32,32,16,2,libel
498,2022,10,30,24672,2496,0,2,11,29,35,19,3,waltz
499,2022,10,31,26498,2572,0,3,26,41,23,7,1,aptly
500,2022,11,1,27502,2667,0,1,14,37,33,14,2,piney
501,2022,11,2,27670,2640,0,6,30,39,20,6,1,inept
502,2022,11,3,29554,2819,1,18,31,30,15,4,1,aloud
503,2022,11,4,27330,2565,0,5,34,43,15,3,0,photo
504,2022,11,5,29743,2751,5,14,31,29,15,4,1,dream
505,2022,11,6,31068,3013,2,19,30,27,15,6,2,stale
506,2022,11,7,26096,2439,0,6,26,36,23,7,1,begin
507,2022,11,8,27213,2531,0,4,24,37,24,9,1,spell
508,2022,11,9,28984,2678,1,16,38,31,11,3,1,rainy
509,2022,11,10,27467,2575,1,11,31,33,18,5,1,unite
510,2022,11,11,25993,2438,0,5,25,38,23,8,1,medal
511,2022,11,12,24660,2356,0,4,22,38,25,9,1,valet
512,2022,11,13,25085,2515,0,8,25,30,21,13,3,inane
513,2022,11,14,26536,2467,1,6,26,36,21,8,1,maple
514,2022,11,15,27475,2650,0,5,21,31,24,15,4,snarl
515,2022,11,16,25576,2541,0,5,16,23,24,22,10,baker
516,2022,11,17,27465,2530,0,14,35,33,14,4,0,there
517,2022,11,18,29208,2899,0,2,23,49,20,5,1,glyph
518,2022,11,19,24749,2400,0,7,26,35,22,9,1,avert
519,2022,11,20,24991,2396,1,6,17,27,27,18,5,brave
520,2022,11,21,24288,2382,0,5,19,33,27,13,3,axiom
521,2022,11,22,27437,2534,1,10,26,32,21,9,1,prime
522,2022,11,23,26663,2451,1,12,32,30,18,6,1,drive
523,2022,11,24,27705,2725,5,13,25,27,19,10,2,feast
524,2022,11,25,24197,2329,0,8,28,40,18,5,1,itchy
525,2022,11,26,26381,2424,1,17,36,31,12,3,0,clean
526,2022,11,27,25206,2356,0,6,28,39,19,6,1,happy
527,2022,11,28,26051,2484,0,10,38,35,13,3,0,tepid
528,2022,11,29,23739,2316,0,3,19,35,29,13,2,undue
529,2022,11,30,25569,2405,0,6,30,33,19,10,2,study
530,2022,12,1,22628,2200,0,2,11,35,36,14,2,eject
531,2022,12,2,24646,2343,0,6,30,33,19,9,2,chafe
532,2022,12,3,23873,2260,0,4,35,36,17,6,1,torso
533,2022,12,4,25577,2398,2,17,32,29,15,5,1,adore
534,2022,12,5,23153,2200,0,2,10,25,36,23,4,woken
535,2022,12,6,23509,2261,0,6,22,33,24,12,3,amber
536,2022,12,7,24899,2388,0,6,29,34,21,8,2,joust
537,2022,12,8,21199,1863,0,3,19,33,26,14,3,infer
538,2022,12,9,23640,2165,0,10,36,35,14,3,0,braid
539,2022,12,10,21157,2041,0,3,18,43,27,8,1,knock
540,2022,12,11,21947,2075,1,7,24,32,24,11,1,naive
541,2022,12,12,22873,2150,0,5,28,38,22,7,1,apply
542,2022,12,13,24101,2224,0,6,31,38,19,5,0,spoke
543,2022,12,14,20824,2048,0,3,20,39,27,10,1,usual
544,2022,12,15,22176,2127,0,7,27,35,22,8,1,rival
545,2022,12,16,22853,2160,0,6,24,32,24,11,3,probe
546,2022,12,17,22336,2088,0,7,39,38,13,3,0,chord
547,2022,12,18,22166,2108,0,8,28,30,20,11,3,taper
548,2022,12,19,26010,2422,6,14,33,27,13,5,1,slate
549,2022,12,20,24137,2261,1,10,47,32,9,2,0,third
550,2022,12,21,22180,2036,0,5,32,40,17,4,0,lunar
551,2022,12,22,20490,2034,0,1,13,34,34,15,2,excel
552,2022,12,23,21937,2112,0,7,26,35,20,10,3,aorta
553,2022,12,24,20281,1911,2,11,34,32,15,6,1,poise
554,2022,12,25,15554,1562,1,5,20,35,28,10,1,extra
555,2022,12,26,20011,2043,0,2,8,16,26,33,14,judge
556,2022,12,27,20879,2012,0,2,17,35,29,14,3,condo
557,2022,12,28,20160,1937,0,3,21,40,25,9,1,impel
558,2022,12,29,20001,1919,0,2,16,38,30,12,2,havoc
559,2022,12,30,21204,1973,0,4,21,38,26,9,1,molar
560,2022,12,31,20380,1899,0,2,17,37,29,12,2,manly
561,2023,1,1,22072,2132,0,4,27,41,22,6,1,whine
562,2023,1,2,22252,2094,0,6,31,39,19,5,0,skirt
563,2023,1,3,22018,2072,0,7,32,37,18,5,0,antic
564,2023,1,4,22394,2207,0,5,18,25,22,19,11,layer
565,2023,1,5,22283,2078,0,3,22,42,25,7,1,sleek
566,2023,1,6,19725,1936,0,1,12,33,33,17,3,belie
567,2023,1,7,21946,2072,1,8,29,37,19,6,1,lemon
568,2023,1,8,21510,2054,2,10,29,33,20,6,1,opera
569,2023,1,9,20248,2049,0,2,12,30,34,18,4,pixie
570,2023,1,10,22248,2157,0,2,19,40,28,9,1,grimy
571,2023,1,11,22194,2128,0,8,38,35,14,4,0,sedan
572,2023,1,12,22606,2218,0,6,28,35,22,7,1,leapt
573,2023,1,13,20879,2057,1,5,31,41,17,4,0,human
574,2023,1,14,19542,1921,0,2,17,38,29,12,2,koala
575,2023,1,15,24058,2310,1,15,36,26,14,7,2,spire
576,2023,1,16,22147,2131,0,3,24,37,25,10,1,frock
577,2023,1,17,21946,2081,0,9,33,35,17,5,0,adopt
578,2023,1,18,22775,2176,0,5,25,37,22,9,2,chard
579,2023,1,19,22670,2186,0,1,14,38,29,15,3,mucky
580,2023,1,20,22818,2158,1,11,30,32,18,7,1,alter
581,2023,1,21,20481,1948,0,1,14,41,31,11,1,blurb
582,2023,1,22,20862,1961,0,2,15,35,33,14,2,matey
583,2023,1,23,20894,1998,0,2,18,36,31,12,1,elude
584,2023,1,24,23047,2135,1,8,35,36,15,4,0,count
585,2023,1,25,21153,2060,0,7,18,27,26,17,4,maize
586,2023,1,26,20598,1983,0,1,10,35,35,16,3,beefy
587,2023,1,27,20810,1974,0,3,19,35,27,14,3,worry
588,2023,1,28,21916,2036,0,9,39,36,13,3,0,flirt
589,2023,1,29,21115,2032,0,4,28,38,21,7,1,fishy
590,2023,1,30,22538,2148,1,7,18,26,24,18,6,crave
592,2023,2,1,21569,2039,0,6,36,36,17,5,1,scold
593,2023,2,2,21960,2082,0,5,33,38,18,5,1,shirk
594,2023,2,3,21485,2058,0,7,24,30,23,12,4,tasty
595,2023,2,4,20283,1962,0,3,25,40,24,8,1,unlit
596,2023,2,5,21678,2059,1,12,34,34,15,4,0,dance
597,2023,2,6,20174,1949,0,2,18,37,29,13,2,ninth
598,2023,2,7,22817,2079,1,14,31,29,18,7,1,apple
599,2023,2,8,20439,2001,0,2,16,38,30,12,2,flail
600,2023,2,9,23815,2322,1,9,20,24,22,18,7,stage
601,2023,2,10,21351,2003,0,4,24,40,24,7,1,heady
602,2023,2,11,19341,1926,0,2,16,37,31,13,1,debug
603,2023,2,12,20926,1990,1,8,38,36,14,3,0,giant
604,2023,2,13,20060,1889,0,4,32,39,19,6,1,usage
605,2023,2,14,23229,2223,1,13,33,26,14,8,4,sound
606,2023,2,15,20108,1994,0,2,14,34,32,14,2,salsa
607,2023,2,16,20556,1969,1,5,27,40,21,6,1,magic
609,2023,2,18,18586,1890,0,3,18,33,29,14,2,avail
610,2023,2,19,19106,1909,0,3,23,40,24,9,1,kiosk
611,2023,2,20,21466,2048,1,13,31,33,17,5,1,sweat
612,2023,2,21,20427,2004,0,2,23,33,24,13,4,ruddy
613,2023,2,22,19995,2072,0,1,8,21,25,26,19,riper
614,2023,2,23,19368,1915,1,4,20,34,28,12,1,vague
615,2023,2,24,19322,1919,0,4,20,31,28,14,2,arbor
616,2023,2,25,18188,1832,0,1,10,31,37,19,3,fifty
617,2023,2,26,19674,1933,0,4,29,40,20,6,1,syrup
618,2023,2,27,20106,1940,0,5,21,32,24,14,3,worse
619,2023,2,28,19575,1906,0,2,19,42,27,8,1,polka
620,2023,3,1,19655,1899,0,2,15,34,30,16,3,moose
621,2023,3,2,19618,1898,0,7,23,33,25,10,1,above
622,2023,3,3,18566,1834,0,4,26,37,23,8,1,squat
623,2023,3,4,20874,2010,1,15,42,30,10,2,0,trend
624,2023,3,5,19189,1862,0,3,20,36,29,10,1,toxic
625,2023,3,6,20708,2013,0,3,24,40,23,8,1,pinky
626,2023,3,7,21220,1988,1,13,34,29,15,6,2,horse
627,2023,3,8,19928,1923,0,6,23,35,25,9,1,regal
628,2023,3,9,19925,1907,0,6,30,39,19,5,1,where
629,2023,3,10,18871,1847,0,2,13,31,33,18,4,revel
630,2023,3,11,19021,1884,1,8,32,35,18,6,1,email
631,2023,3,12,19252,1865,1,6,28,34,21,9,1,birth
632,2023,3,13,20648,1984,1,8,25,33,22,9,1,blame
633,2023,3,14,19649,1878,0,3,26,40,22,7,1,surly
634,2023,3,15,19402,1896,0,2,15,38,33,11,1,sweep
635,2023,3,16,19641,1941,0,5,22,29,23,14,6,cider
636,2023,3,17,19840,1939,0,5,26,40,22,6,1,mealy
637,2023,3,18,18335,1807,1,6,27,40,20,6,1,yacht
638,2023,3,19,19273,1926,0,6,27,38,22,7,1,credo
639,2023,3,20,19575,1919,0,5,21,36,27,9,1,glove
640,2023,3,21,21167,1998,1,9,32,37,17,3,0,tough
641,2023,3,22,18711,1843,0,4,24,41,23,7,1,duvet
642,2023,3,23,20338,1967,0,6,35,34,15,7,2,staid
643,2023,3,24,20812,2039,1,9,35,34,16,5,1,grout
644,2023,3,25,18660,1836,0,4,23,34,24,12,3,voter
645,2023,3,26,18775,1799,0,9,32,36,18,5,0,untie
646,2023,3,27,19802,1990,0,5,19,34,28,12,2,guano
647,2023,3,28,19303,1872,0,4,24,36,22,12,3,hurry
648,2023,3,29,18768,1886,0,2,19,40,29,9,1,beset
649,2023,3,30,20943,2001,2,12,30,33,17,6,1,bread
650,2023,3,31,18136,1807,0,4,17,35,29,13,2,every
651,2023,4,1,19425,1916,1,10,31,37,17,4,0,march
652,2023,4,2,19680,1935,0,7,34,37,16,5,1,stock
653,2023,4,3,19183,1864,0,5,28,40,21,5,0,flora
654,2023,4,4,20532,1989,3,14,35,30,14,4,0,ratio
655,2023,4,5,18901,1856,0,3,19,40,27,9,1,smash
656,2023,4,6,18893,1845,0,4,18,30,28,16,3,leafy
657,2023,4,7,18624,1870,0,3,21,38,26,10,2,locus
658,2023,4,8,17319,1754,0,2,15,37,31,12,2,ledge
659,2023,4,9,19236,1991,0,3,17,32,30,15,3,snafu
660,2023,4,10,19454,1912,1,13,26,31,20,8,1,under
661,2023,4,11,18086,1858,0,2,18,38,28,12,2,qualm
662,2023,4,12,18271,1932,0,1,11,26,32,23,6,borax
663,2023,4,13,18548,1838,0,5,27,39,22,7,1,carat
664,2023,4,14,18985,1845,0,8,36,38,14,3,0,thief
665,2023,4,15,17878,1791,0,3,25,43,23,6,1,agony
666,2023,4,16,17586,1805,0,2,15,37,30,13,2,dwelt
667,2023,4,17,18974,1952,0,1,10,39,33,14,2,whiff
668,2023,4,18,22560,2399,0,6,22,21,14,15,21,hound
669,2023,4,19,19188,1822,0,4,30,44,18,3,0,thump
670,2023,4,20,21811,2102,2,26,36,24,9,3,0,plate
671,2023,4,21,17171,1768,0,2,13,37,33,13,3,kayak
672,2023,4,22,18527,1840,1,9,24,29,23,13,2,broke
673,2023,4,23,16915,1720,0,2,15,34,31,16,2,unzip
674,2023,4,24,18104,1815,0,4,24,41,24,7,1,ditto
675,2023,4,25,18034,1970,1,2,8,17,23,29,21,joker
676,2023,4,26,18168,1764,0,5,26,37,23,7,1,metro
677,2023,4,27,17995,1789,1,3,27,41,22,6,1,logic
678,2023,4,28,16610,1717,0,2,16,39,30,11,2,circa
679,2023,4,29,17634,1755,0,8,37,35,15,4,0,cedar
680,2023,4,30,16966,1734,0,1,10,32,36,17,2,plaza
681,2023,5,1,18524,1838,1,14,30,32,17,6,1,range
682,2023,5,2,18053,1744,0,2,16,43,30,8,1,sulky
683,2023,5,3,17765,1751,0,6,30,35,20,7,1,horde
684,2023,5,4,17633,1800,0,1,11,33,33,18,4,guppy
685,2023,5,5,16911,1703,0,4,23,40,24,8,1,below
686,2023,5,6,16996,1690,0,7,28,34,20,8,1,anger
687,2023,5,7,18039,1796,1,7,36,39,13,3,0,ghoul
688,2023,5,8,16684,1705,0,2,18,35,28,14,3,aglow
689,2023,5,9,16256,1666,0,1,10,33,35,17,3,cocoa
690,2023,5,10,17154,1713,1,7,29,37,20,6,1,ethic
691,2023,5,11,17777,1794,0,3,16,32,31,15,2,broom
692,2023,5,12,18486,1802,0,7,28,34,21,9,1,snack
693,2023,5,13,17209,1719,0,9,34,36,16,5,0,acrid
694,2023,5,14,17120,1764,0,5,19,29,25,17,4,scarf
